Learning rates, accuracy, error, weights_len
1,0.6556291390728477,585.2151922532832,2.1388387595037877
2,0.6556291390728477,2379.5343968640445,4.277677519007575
3,0.6556291390728477,5533.957613832377,6.416516278511422
4,0.6556291390728477,10048.484843157996,8.55535503801515
5,0.6556291390728477,15923.116084842375,10.694193797519324
6,0.6556291390728477,23157.85133888225,12.833032557022843
7,0.6556291390728477,31752.690605278352,14.971871316526162
8,0.6556291390728477,41707.633884035626,17.1107100760303
9,0.6556291390728477,53022.681175149795,19.249548835534203
10,0.6556291390728477,65697.83247862416,21.388387595038648
11,0.6556291390728477,79733.08779444914,23.52722635454202
12,0.6556291390728477,95128.44712263437,25.666065114045686
13,0.6556291390728477,111883.9104631766,27.804903873549367
14,0.6556291390728477,129999.47781606964,29.943742633052324
15,0.6556291390728477,149475.14918133145,32.08258139255658
16,0.6556291390728477,170310.9245589496,34.2214201520606
17,0.6556291390728477,192506.80394894202,36.36025891156604
18,0.6556291390728477,216062.78735125755,38.499097671068405
19,0.6556291390728477,240978.87476595867,40.63793643057365
20,0.6556291390728477,267255.0661930057,42.776775190077295
21,0.6556291390728477,294891.3616324183,44.91561394958177
22,0.6556291390728477,323887.7610841565,47.05445270908404
23,0.6556291390728477,354244.26454827836,49.1932914685879
24,0.6556291390728477,385960.8720247489,51.33213022809137
25,0.6556291390728477,419037.58351357974,53.47096898759495
26,0.6556291390728477,453474.39901476866,55.609807747098735
27,0.6556291390728477,489271.31852830807,57.74864650660243
28,0.6556291390728477,526428.342054191,59.88748526610465
29,0.6556291390728477,564945.4695925114,62.02632402561159
30,0.6556291390728477,604822.7011430898,64.16516278511315
31,0.6556291390728477,646060.0367061264,66.30400154461998
32,0.6556291390728477,688657.4762814142,68.4428403041212
33,0.6556291390728477,732615.0198691088,70.58167906362517
34,0.6556291390728477,777932.6674692334,72.72051782313208
35,0.6556291390728477,824610.4190815258,74.85935658263092
36,0.6556291390728477,872648.2747063474,76.99819534213681
37,0.6556291390728477,922046.2343434615,79.13703410164075
38,0.6556291390728477,972804.2979930018,81.2758728611473
39,0.6556291390728477,1024922.4656547842,83.41471162064857
40,0.6556291390728477,1078400.7373290423,85.55355038015459
41,0.6556291390728477,1133239.113015575,87.69238913965809
42,0.6556291390728477,1189437.5927145428,89.83122789916354
43,0.6556291390728477,1246996.176425715,91.97006665866394
44,0.6556291390728477,1305914.864149346,94.10890541816808
45,0.6556291390728477,1366193.6558853851,96.2477441776732
46,0.6556291390728477,1427832.551633684,98.3865829371758
47,0.6556291390728477,1490831.5513944053,100.52542169668048
48,0.6556291390728477,1555190.655167417,102.66426045618275
49,0.6556291390728477,1620909.8629526508,104.80309921568131
50,0.6556291390728477,1687989.1747505926,106.9419379751899
51,0.6556291390728477,1756428.5905607326,109.08077673469441
52,0.6556291390728477,1826228.1103831967,111.21961549419747
53,0.6556291390728477,1897387.7342179643,113.35845425369911
54,0.6556291390728477,1969907.4620652054,115.49729301320485
55,0.6556291390728477,2043787.2939250183,117.63613177271525
56,0.6556291390728477,2119027.229796589,119.7749705322093
57,0.6556291390728477,2195627.269681005,121.91380929171717
58,0.6556291390728477,2273587.4135777242,124.05264805122319
59,0.6556291390728477,2352907.6614864566,126.19148681072045
60,0.6556291390728477,2433588.0134078832,128.3303255702263
61,0.6556291390728477,2515628.4693417363,130.469164329734
62,0.6556291390728477,2599029.0292878845,132.60800308923996
63,0.6556291390728477,2683789.6932462994,134.74684184874334
64,0.6556291390728477,2769910.4612168837,136.8856806082424
65,0.6556291390728477,2857391.333199985,139.0245193677459
66,0.6556291390728477,2946232.3091955157,141.16335812725035
67,0.6556291390728477,3036433.389203264,143.30219688675223
68,0.6556291390728477,3127994.5732238665,145.44103564626417
69,0.6556291390728477,3220915.861256359,147.57987440576707
70,0.6556291390728477,3315197.253300883,149.71871316526185
71,0.6556291390728477,3410838.749358385,151.85755192477055
72,0.6556291390728477,3507840.3494280204,153.99639068427362
73,0.6556291390728477,3606202.053510149,156.13522944378147
74,0.6556291390728477,3705923.8616043297,158.2740682032815
75,0.6556291390728477,3807005.773711087,160.41290696278642
76,0.6556291390728477,3909447.789830341,162.5517457222946
77,0.6556291390728477,4013249.909961612,164.6905844817948
78,0.6556291390728477,4118412.134105319,166.82942324129715
79,0.6556291390728477,4224934.462261354,168.96826200079838
80,0.6556291390728477,4332816.894430204,171.10710076030918
81,0.6556291390728477,4442059.430610646,173.24593951980435
82,0.6556291390728477,4552662.070804186,175.38477827931618
83,0.6556291390728477,4664624.815009696,177.52361703881775
84,0.6556291390728477,4777947.66322791,179.66245579832707
85,0.6556291390728477,4892630.615457556,181.80129455781866
86,0.6556291390728477,5008673.6717004515,183.94013331732788
87,0.6556291390728477,5126076.831955771,186.0789720768377
88,0.6556291390728477,5244840.096222818,188.21781083633616
89,0.6556291390728477,5364963.464502429,190.35664959583858
90,0.6556291390728477,5486446.9367948305,192.4954883553464
91,0.6556291390728477,5609290.51309917,194.63432711484998
92,0.6556291390728477,5733494.193415879,196.7731658743516
93,0.6556291390728477,5859057.977744898,198.91200463385334
94,0.6556291390728477,5985981.8660866115,201.05084339336096
95,0.6556291390728477,6114265.858440318,203.18968215286228
96,0.6556291390728477,6243909.954806513,205.3285209123655
97,0.6556291390728477,6374914.155185042,207.46735967186808
98,0.6556291390728477,6507278.459575293,209.60619843136263
99,0.6556291390728477,6641002.867979706,211.7450371908833
100,0.6556291390728477,6776087.380394913,213.8838759503798
101,0.6556291390728477,6912531.996823239,216.0227147098893
102,0.6556291390728477,7050336.71726332,218.16155346938882
103,0.6556291390728477,7189501.541716295,220.30039222889633
104,0.6556291390728477,7330026.470181036,222.43923098839494
105,0.6556291390728477,7471911.502658409,224.57806974789793
106,0.6556291390728477,7615156.639147952,226.71690850739822
107,0.6556291390728477,7759761.8796505835,228.85574726691004
108,0.6556291390728477,7905727.224164767,230.9945860264097
109,0.6556291390728477,8053052.672691822,233.13342478591457
110,0.6556291390728477,8201738.225231877,235.2722635454305
111,0.6556291390728477,8351783.881783022,237.4111023049283
112,0.6556291390728477,8503189.642346004,239.5499410644186
113,0.6556291390728477,8655955.506922752,241.68877982392803
114,0.6556291390728477,8810081.475511521,243.82761858343434
115,0.6556291390728477,8965567.548112867,245.96645734294233
116,0.6556291390728477,9122413.724726245,248.10529610244637
117,0.6556291390728477,9280620.005351834,250.24413486194837
118,0.6556291390728477,9440186.389989028,252.3829736214409
119,0.6556291390728477,9601112.87863971,254.52181238094744
120,0.6556291390728477,9763399.471302595,256.6606511404526
121,0.6556291390728477,9927046.167977892,258.7994898999585
122,0.6556291390728477,10092052.968665848,260.938328659468
123,0.6556291390728477,10258419.873365982,263.07716741897383
124,0.6556291390728477,10426146.882078294,265.2160061784799
125,0.6556291390728477,10595233.994802501,267.3548449379791
126,0.6556291390728477,10765681.211539805,269.4936836974867
127,0.6556291390728477,10937488.532288613,271.6325224569853
128,0.6556291390728477,11110655.957049994,273.7713612164848
129,0.6556291390728477,11285183.485824516,275.910199975996
130,0.6556291390728477,11461071.118610244,278.0490387354918
131,0.6556291390728477,11638318.855410675,280.187877495016
132,0.6556291390728477,11816926.69622022,282.3267162545007
133,0.6556291390728477,11996894.641043758,284.46555501400644
134,0.6556291390728477,12178222.689879049,286.60439377350446
135,0.6556291390728477,12360910.842727698,288.7432325330127
136,0.6556291390728477,12544959.099589331,290.88207129252834
137,0.6556291390728477,12730367.460460464,293.02091005201464
138,0.6556291390728477,12917135.92534714,295.15974881153414
139,0.6556291390728477,13105264.494244553,297.2985875710365
140,0.6556291390728477,13294753.167153088,299.4374263305237
141,0.6556291390728477,13485601.944076328,301.57626509003893
142,0.6556291390728477,13677810.825010946,303.7151038495411
143,0.6556291390728477,13871379.809957374,305.8539426090401
144,0.6556291390728477,14066308.898917353,307.99278136854724
145,0.6556291390728477,14262598.091888666,310.13162012804776
146,0.6556291390728477,14460247.388873717,312.27045888756294
147,0.6556291390728477,14659256.78987119,314.4092976470781
148,0.6556291390728477,14859626.29487828,316.548136406563
149,0.6556291390728477,15061355.903899707,318.6869751660689
150,0.6556291390728477,15264445.61693317,320.82581392557285
151,0.6556291390728477,15468895.433979684,322.9646526850838
152,0.6556291390728477,15674705.355038038,325.1034914445892
153,0.6556291390728477,15881875.380109018,327.24233020409423
154,0.6556291390728477,16090405.509190964,329.3811689635896
155,0.6556291390728477,16300295.742286986,331.52000772310043
156,0.6556291390728477,16511546.079393659,333.6588464825943
157,0.6556291390728477,16724156.520513969,335.7976852421009
158,0.6556291390728477,16938127.06564564,337.93652400159675
159,0.6556291390728477,17153457.714791317,340.07536276111034
160,0.6556291390728477,17370148.4679489,342.21420152061836
161,0.6556291390728477,17588199.325116545,344.3530402801071
162,0.6556291390728477,17807610.28629851,346.4918790396087
163,0.6556291390728477,18028381.351493787,348.63071779912605
164,0.6556291390728477,18250512.52070054,350.76955655863236
165,0.6556291390728477,18474003.79391838,352.90839531812577
166,0.6556291390728477,18698855.171150405,355.0472340776355
167,0.6556291390728477,18925066.652393755,357.18607283713783
168,0.6556291390728477,19152638.23765111,359.32491159665415
169,0.6556291390728477,19381569.926918842,361.4637503561524
170,0.6556291390728477,19611861.72019754,363.60258911563733
171,0.6556291390728477,19843513.617490206,365.7414278751378
172,0.6556291390728477,20076525.618796974,367.88026663465575
173,0.6556291390728477,20310897.7241132,370.01910539414445
174,0.6556291390728477,20546629.93344613,372.1579441536754
175,0.6556291390728477,20783722.246788625,374.2967829131787
176,0.6556291390728477,21022174.664142184,376.4356216726723
177,0.6556291390728477,21261987.18551109,378.5744604321901
178,0.6556291390728477,21503159.810888447,380.71329919167715
179,0.6556291390728477,21745692.540281266,382.852137951186
180,0.6556291390728477,21989585.37368591,384.9909767106928
181,0.6556291390728477,22234838.31110178,387.12981547019024
182,0.6556291390728477,22481451.35253111,389.26865422969996
183,0.6556291390728477,22729424.497973096,391.40749298920986
184,0.6556291390728477,22978757.747425787,393.5463317487032
185,0.6556291390728477,23229451.10089344,395.68517050822226
186,0.6556291390728477,23481504.55836971,397.8240092677067
187,0.6556291390728477,23734918.119861796,399.9628480272218
188,0.6556291390728477,23989691.78536443,402.1016867867219
189,0.6556291390728477,24245825.55487932,404.24052554622045
190,0.6556291390728477,24503319.428407103,406.37936430572455
191,0.6556291390728477,24762173.40595021,408.51820306525167
192,0.6556291390728477,25022387.48749972,410.657041824731
193,0.6556291390728477,25283961.67306376,412.79588058422826
194,0.6556291390728477,25546895.96264169,414.93471934373616
195,0.6556291390728477,25811190.35622914,417.0735581032268
196,0.6556291390728477,26076844.853830576,419.21239686272526
197,0.6556291390728477,26343859.455448817,421.35123562225976
198,0.6556291390728477,26612234.161076095,423.4900743817666
199,0.6556291390728477,26881968.970714837,425.6289131412686
200,0.6556291390728477,27153063.88436475,427.7677519007596
201,0.6556291390728477,27425518.902026042,429.906590660244
202,0.6556291390728477,27699334.02370592,432.0454294197786
203,0.6556291390728477,27974509.24939301,434.18426817927144
204,0.6556291390728477,28251044.579094097,436.32310693877764
205,0.6556291390728477,28528940.012807235,438.46194569828083
206,0.6556291390728477,28808195.550533816,440.60078445779266
207,0.6556291390728477,29088811.192270145,442.73962321728465
208,0.6556291390728477,29370786.93802064,444.8784619767899
209,0.6556291390728477,29654122.787784465,447.01730073630256
210,0.6556291390728477,29938818.74155798,449.15613949579586
211,0.6556291390728477,30224874.79934784,451.2949782553193
212,0.6556291390728477,30512290.961143993,453.43381701479643
213,0.6556291390728477,30801067.22695766,455.572655774313
214,0.6556291390728477,31091203.59678241,457.7114945338201
215,0.6556291390728477,31382700.070621982,459.85033329334124
216,0.6556291390728477,31675556.64846697,461.9891720528194
217,0.6556291390728477,31969773.33032961,464.12801081232845
218,0.6556291390728477,32265350.116203044,466.26684957182914
219,0.6556291390728477,32562287.006090585,468.4056883313407
220,0.6556291390728477,32860583.999991085,470.544527090861
221,0.6556291390728477,33160241.097899083,472.6833658503437
222,0.6556291390728477,33461258.299823567,474.8222046098566
223,0.6556291390728477,33763635.60575663,476.9610433693421
224,0.6556291390728477,34067373.01570333,479.0998821288372
225,0.6556291390728477,34372470.52966577,481.23872088835543
226,0.6556291390728477,34678928.14763818,483.37755964785606
227,0.6556291390728477,34986745.869622104,485.5163984073547
228,0.6556291390728477,35295923.6956211,487.6552371668687
229,0.6556291390728477,35606461.625632025,489.79407592638063
230,0.6556291390728477,35918359.65965438,491.93291468588467
231,0.6556291390728477,36231617.79768798,494.0717534453841
232,0.6556291390728477,36546236.03973569,496.21059220489275
233,0.6556291390728477,36862214.385795,498.3494309643972
234,0.6556291390728477,37179552.83586588,500.48826972389674
235,0.6556291390728477,37498251.38994655,502.6271084833796
236,0.6556291390728477,37818310.04804251,504.7659472428818
237,0.6556291390728477,38139728.81015256,506.9047860023963
238,0.6556291390728477,38462507.67627313,509.0436247618949
239,0.6556291390728477,38786646.646409534,511.18246352142006
240,0.6556291390728477,39112145.72055246,513.3213022809052
241,0.6556291390728477,39439004.89871532,515.4601410404397
242,0.6556291390728477,39767224.180881515,517.598979799917
243,0.6556291390728477,40096803.567065544,519.7378185594279
244,0.6556291390728477,40427743.05726122,521.876657318936
245,0.6556291390728477,40760042.65147012,524.0154960784495
246,0.6556291390728477,41093702.349689566,526.1543348379477
247,0.6556291390728477,41428722.151922464,528.2931735974565
248,0.6556291390728477,41765102.05816667,530.4320123569598
249,0.6556291390728477,42102842.06842295,532.5708511164602
250,0.6556291390728477,42441942.18269139,534.7096898759582
251,0.6556291390728477,42782402.40097272,536.8485286354585
252,0.6556291390728477,43124222.72326846,538.9873673949734
253,0.6556291390728477,43467403.149572775,541.1262061544659
254,0.6556291390728477,43811943.679891504,543.2650449139707
255,0.6556291390728477,44157844.31422354,545.4038836734777
256,0.6556291390728477,44505105.0525649,547.5427224329696
257,0.6556291390728477,44853725.89491964,549.6815611924704
258,0.6556291390728477,45203706.84129086,551.820399951992
259,0.6556291390728477,45555047.89167,553.9592387114875
260,0.6556291390728477,45907749.04606163,556.0980774709836
261,0.6556291390728477,46261810.30446664,558.2369162304872
262,0.6556291390728477,46617231.66689114,560.375754990032
263,0.6556291390728477,46974013.133313805,562.5145937494913
264,0.6556291390728477,47332154.703757204,564.6534325090014
265,0.6556291390728477,47691656.3782127,566.792271268512
266,0.6556291390728477,48052518.156679265,568.9311100280129
267,0.6556291390728477,48414740.03915753,571.0699487875108
268,0.6556291390728477,48778322.0256482,573.2087875470089
269,0.6556291390728477,49143264.1161567,575.3476263065395
270,0.6556291390728477,49509566.310670674,577.4864650660254
271,0.6556291390728477,49877228.60919807,579.6253038255227
272,0.6556291390728477,50246251.011745065,581.7641425850567
273,0.6556291390728477,50616633.518292524,583.9029813445297
274,0.6556291390728477,50988376.12885742,586.0418201040293
275,0.6556291390728477,51361478.843439676,588.1806588635567
276,0.6556291390728477,51735941.66203199,590.3194976230683
277,0.6556291390728477,52111764.58462897,592.4583363825402
278,0.6556291390728477,52488947.61124952,594.597175142073
279,0.6556291390728477,52867490.741875164,596.7360139015643
280,0.6556291390728477,53247393.97651154,598.8748526610474
281,0.6556291390728477,53628657.31516734,601.0136914205713
282,0.6556291390728477,54011280.75783234,603.1525301800779
283,0.6556291390728477,54395264.30450693,605.2913689395672
284,0.6556291390728477,54780607.95519863,607.4302076990822
285,0.6556291390728477,55167311.709901504,609.5690464585915
286,0.6556291390728477,55555375.56861218,611.7078852180802
287,0.6556291390728477,55944799.531338826,613.8467239775835
288,0.6556291390728477,56335583.59807999,615.9855627370945
289,0.6556291390728477,56727727.768832184,618.1244014966076
290,0.6556291390728477,57121232.043593094,620.2632402560955
291,0.6556291390728477,57516096.42237004,622.4020790156062
292,0.6556291390728477,57912320.90516107,624.5409177751259
293,0.6556291390728477,58309905.49196172,626.6797565346275
294,0.6556291390728477,58708850.18277888,628.8185952941562
295,0.6556291390728477,59109154.97759536,630.9574340536129
296,0.6556291390728477,59510819.87643508,633.096272813126
297,0.6556291390728477,59913844.87928941,635.2351115726519
298,0.6556291390728477,60318229.98614857,637.3739503321378
299,0.6556291390728477,60723975.19702768,639.5127890916664
300,0.6556291390728477,61131080.51191029,641.6516278511457
301,0.6556291390728477,61539545.93081141,643.7904666106582
302,0.6556291390728477,61949371.45372423,645.9293053701676
303,0.6556291390728477,62360557.0806464,648.0681441296597
304,0.6556291390728477,62773102.81158546,650.2069828891784
305,0.6556291390728477,63187008.64653168,652.3458216486653
306,0.6556291390728477,63602274.58549729,654.4846604081885
307,0.6556291390728477,64018900.628465496,656.6234991676671
308,0.6556291390728477,64436886.775452904,658.7623379271791
309,0.6556291390728477,64856233.02645465,660.9011766867012
310,0.6556291390728477,65276939.381464794,663.0400154462009
311,0.6556291390728477,65699005.84048493,665.1788542056885
312,0.6556291390728477,66122432.40351936,667.3176929651886
313,0.6556291390728477,66547219.07056556,669.4565317246853
314,0.6556291390728477,66973365.841628455,671.5953704842018
315,0.6556291390728477,67400872.7166971,673.7342092436863
316,0.6556291390728477,67829739.695783,675.8730480031935
317,0.6556291390728477,68259966.77888684,678.0118867627303
318,0.6556291390728477,68691553.96599357,680.1507255222207
319,0.6556291390728477,69124501.25711256,682.2895642817118
320,0.6556291390728477,69558808.65225178,684.4284030412367
321,0.6556291390728477,69994476.15139116,686.5672418007073
322,0.6556291390728477,70431503.7545502,688.7060805602142
323,0.6556291390728477,70869891.4617235,690.8449193197252
324,0.6556291390728477,71309639.27290586,692.9837580792174
325,0.6556291390728477,71750747.18810697,695.1225968387478
326,0.6556291390728477,72193215.20731491,697.2614355982521
327,0.6556291390728477,72637043.33053796,699.400274357763
328,0.6556291390728477,73082231.55776967,701.5391131172647
329,0.6556291390728477,73528779.8890193,703.6779518767878
330,0.6556291390728477,73976688.32426885,705.8167906362515
331,0.6556291390728477,74425956.86354436,707.9556293957793
332,0.6556291390728477,74876585.50682494,710.094468155271
333,0.6556291390728477,75328574.25411999,712.2333069147762
334,0.6556291390728477,75781923.10542609,714.3721456742757
335,0.6556291390728477,76236632.06074424,716.5109844337708
336,0.6556291390728477,76692701.12008338,718.6498231933083
337,0.6556291390728477,77150130.28341827,720.7886619527685
338,0.6556291390728477,77608919.55078217,722.9275007123048
339,0.6556291390728477,78069068.92214423,725.066339471777
340,0.6556291390728477,78530578.39752485,727.2051782312747
341,0.6556291390728477,78993447.97692508,729.3440169908077
342,0.6556291390728477,79457677.66032337,731.4828557502756
343,0.6556291390728477,79923267.44774924,733.6216945098183
344,0.6556291390728477,80390217.33917826,735.7605332693115
345,0.6556291390728477,80858527.3346226,737.8993720288189
346,0.6556291390728477,81328197.43407099,740.0382107882889
347,0.6556291390728477,81799227.63753632,742.1770495477816
348,0.6556291390728477,82271617.94503057,744.3158883073507
349,0.6556291390728477,82745368.35651413,746.4547270668112
350,0.6556291390728477,83220478.8720285,748.5935658263573
351,0.6556291390728477,83696949.49154083,750.7324045858422
352,0.6556291390728477,84174780.21507044,752.8712433453446
353,0.6556291390728477,84653971.0426205,755.0100821048826
354,0.6556291390728477,85134521.97417392,757.1489208643802
355,0.6556291390728477,85616433.0097368,759.2877596238683
356,0.6556291390728477,86099704.14931117,761.4265983833543
357,0.6556291390728477,86584335.39290884,763.5654371428816
358,0.6556291390728477,87070326.74051045,765.704275902372
359,0.6556291390728477,87557678.192128,767.8431146618844
360,0.6556291390728477,88046389.74775681,769.9819534213856
361,0.6556291390728477,88536461.40739289,772.1207921808709
362,0.6556291390728477,89027893.17104812,774.2596309403805
363,0.6556291390728477,89520685.03871213,776.3984696998839
364,0.6556291390728477,90014837.01039328,778.5373084593999
365,0.6556291390728477,90510349.08608572,780.6761472189141
366,0.6556291390728477,91007221.26578909,782.8149859784197
367,0.6556291390728477,91505453.54949987,784.953824737899
368,0.6556291390728477,92005045.9372277,787.0926634974064
369,0.6556291390728477,92505998.4289725,789.2315022569305
370,0.6556291390728477,93008311.02472612,791.3703410164445
371,0.6556291390728477,93511983.72448596,793.5091797759247
372,0.6556291390728477,94017016.52825917,795.6480185354134
373,0.6556291390728477,94523409.43604736,797.7868572949145
374,0.6556291390728477,95031162.44785528,799.9256960544436
375,0.6556291390728477,95540275.56366262,802.0645348139199
376,0.6556291390728477,96050748.78349368,804.2033735734439
377,0.6556291390728477,96562582.1073342,806.3422123329527
378,0.6556291390728477,97075775.53518105,808.4810510924409
379,0.6556291390728477,97590329.06704386,810.6198898519447
380,0.6556291390728477,98106242.70292006,812.7587286114491
381,0.6556291390728477,98623516.44280575,814.8975673709434
382,0.6556291390728477,99142150.28672037,817.0364061305033
383,0.6556291390728477,99662144.23462664,819.1752448899837
384,0.6556291390728477,100183498.28654628,821.314083649462
385,0.6556291390728477,100706212.44248925,823.452922408987
386,0.6556291390728477,101230286.70243022,825.5917611684565
387,0.6556291390728477,101755721.0664033,827.7305999280023
388,0.6556291390728477,102282515.53436972,829.8694386874723
389,0.6556291390728477,102810670.1063576,832.0082774469792
390,0.6556291390728477,103340184.7823475,834.1471162064536
391,0.6556291390728477,103871059.56237267,836.285954966008
392,0.6556291390728477,104403294.44638105,838.4247937254505
393,0.6556291390728477,104936889.43443161,840.5636324850043
394,0.6556291390728477,105471844.5264819,842.7024712445195
395,0.6556291390728477,106008159.72253618,844.8413100039909
396,0.6556291390728477,106545835.02261883,846.9801487635332
397,0.6556291390728477,107084870.42669976,849.1189875230166
398,0.6556291390728477,107625265.93480171,851.2578262825372
399,0.6556291390728477,108167021.54690318,853.3966650420075
400,0.6556291390728477,108710137.26302923,855.5355038015192
401,0.6556291390728477,109254613.08316384,857.6743425610268
402,0.6556291390728477,109800449.00730217,859.813181320488
403,0.6556291390728477,110347645.03547522,861.9520200800421
404,0.6556291390728477,110896201.16764951,864.0908588395572
405,0.6556291390728477,111446117.40383299,866.2296975990542
406,0.6556291390728477,111997393.74402578,868.3685363585429
407,0.6556291390728477,112550030.18823326,870.5073751180412
408,0.6556291390728477,113104026.73645794,872.6462138775553
409,0.6556291390728477,113659383.38867894,874.7850526370091
410,0.6556291390728477,114216100.14493832,876.9238913965617
411,0.6556291390728477,114774177.00519137,879.0627301560438
412,0.6556291390728477,115333613.96947257,881.2015689155853
413,0.6556291390728477,115894411.03775203,883.3404076750736
414,0.6556291390728477,116456568.21004573,885.4792464345693
415,0.6556291390728477,117020085.48635961,887.6180851940898
416,0.6556291390728477,117584962.86667556,889.7569239535798
417,0.6556291390728477,118151200.35101505,891.89576271311
418,0.6556291390728477,118718797.93935859,894.0346014726051
419,0.6556291390728477,119287755.63171636,896.1734402321129
420,0.6556291390728477,119858073.42808059,898.3122789915917
421,0.6556291390728477,120429751.3284604,900.4511177510852
422,0.6556291390728477,121002789.33286786,902.5899565106386
423,0.6556291390728477,121577187.44126822,904.7287952701145
424,0.6556291390728477,122152945.65368035,906.8676340295929
425,0.6556291390728477,122730063.97011308,909.0064727890998
426,0.6556291390728477,123308542.39056282,911.145311548626
427,0.6556291390728477,123888380.91502354,913.2841503081474
428,0.6556291390728477,124469579.54348971,915.4229890676402
429,0.6556291390728477,125052138.27596758,917.5618278271301
430,0.6556291390728477,125636057.11247583,919.7006665866825
431,0.6556291390728477,126221336.05297482,921.8395053461662
432,0.6556291390728477,126807975.09748372,923.9783441056388
433,0.6556291390728477,127395974.2460159,926.1171828651416
434,0.6556291390728477,127985333.49856196,928.2560216246569
435,0.6556291390728477,128576052.85510996,930.3948603841345
436,0.6556291390728477,129168132.31568377,932.5336991436583
437,0.6556291390728477,129761571.88027407,934.672537903198
438,0.6556291390728477,130356371.54886167,936.8113766626814
439,0.6556291390728477,130952531.32146125,938.9502154221672
440,0.6556291390728477,131550051.1980915,941.089054181722
441,0.6556291390728477,132148931.1787092,943.2278929411848
442,0.6556291390728477,132749171.26335159,945.3667317006874
443,0.6556291390728477,133350771.45200703,947.5055704601933
444,0.6556291390728477,133953731.74467719,949.6444092197132
445,0.6556291390728477,134558052.14135468,951.7832479792089
446,0.6556291390728477,135163732.6420373,953.9220867386842
447,0.6556291390728477,135770773.2467551,956.0609254982387
448,0.6556291390728477,136379173.95545185,958.1997642576744
449,0.6556291390728477,136988934.76819515,960.3386030172281
450,0.6556291390728477,137600055.68492952,962.4774417767109
451,0.6556291390728477,138212536.7056908,964.6162805362408
452,0.6556291390728477,138826377.83044702,966.7551192957121
453,0.6556291390728477,139441579.05921638,968.8939580551909
454,0.6556291390728477,140058140.3920106,971.0327968147094
455,0.6556291390728477,140676061.82881215,973.1716355742028
456,0.6556291390728477,141295343.3696344,975.3104743337374
457,0.6556291390728477,141915985.01445472,977.4493130932202
458,0.6556291390728477,142537986.76330602,979.5881518527613
459,0.6556291390728477,143161348.61615437,981.726990612252
460,0.6556291390728477,143786070.57302317,983.8658293717693
461,0.6556291390728477,144412152.63390005,986.0046681312766
462,0.6556291390728477,145039594.79878545,988.1435068907682
463,0.6556291390728477,145668397.0676893,990.2823456502784
464,0.6556291390728477,146298559.44060418,992.4211844097855
465,0.6556291390728477,146930081.91751954,994.5600231692531
466,0.6556291390728477,147562964.49846908,996.6988619287944
467,0.6556291390728477,148197207.1834124,998.8377006882774
468,0.6556291390728477,148832809.97238067,1000.9765394477935
469,0.6556291390728477,149469772.86535472,1003.1153782072902
470,0.6556291390728477,150108095.86233124,1005.2542169667591
471,0.6556291390728477,150747778.9633402,1007.3930557262918
472,0.6556291390728477,151388822.1683429,1009.5318944857636
473,0.6556291390728477,152031225.47737542,1011.6707332452878
474,0.6556291390728477,152674988.89041108,1013.8095720047926
475,0.6556291390728477,153320112.4074755,1015.9484107643423
476,0.6556291390728477,153966596.02852097,1018.0872495237898
477,0.6556291390728477,154614439.75361475,1020.2260882833588
478,0.6556291390728477,155263643.58269447,1022.3649270428401
479,0.6556291390728477,155914207.5157985,1024.5037658023589
480,0.6556291390728477,156566131.552894,1026.6426045618105
481,0.6556291390728477,157219415.69401693,1028.7814433213132
482,0.6556291390728477,157874059.93917328,1030.9202820808794
483,0.6556291390728477,158530064.2883147,1033.0591208403625
484,0.6556291390728477,159187428.7414659,1035.197959599834
485,0.6556291390728477,159846153.29865134,1037.3367983593778
486,0.6556291390728477,160506237.95983,1039.4756371188557
487,0.6556291390728477,161167682.72501594,1041.6144758783248
488,0.6556291390728477,161830487.5942407,1043.753314637872
489,0.6556291390728477,162494652.56746152,1045.892153397367
490,0.6556291390728477,163160177.64470404,1048.030992156899
491,0.6556291390728477,163827062.82595542,1050.1698309164144
492,0.6556291390728477,164495308.1112095,1052.3086696758953
493,0.6556291390728477,165164913.50046355,1054.447508435345
494,0.6556291390728477,165835878.993769,1056.586347194913
495,0.6556291390728477,166508204.59105942,1058.7251859544026
496,0.6556291390728477,167181890.29237399,1060.8640247139197
497,0.6556291390728477,167856936.0977014,1063.002863473444
498,0.6556291390728477,168533342.00702673,1065.1417022329204
499,0.6556291390728477,169211108.0203585,1067.2805409923812
500,0.6556291390728477,169890234.13772827,1069.4193797519165
501,0.6556291390728477,170570720.3590941,1071.5582185114
502,0.6556291390728477,171252566.68448147,1073.697057270917
503,0.6556291390728477,171935773.11385748,1075.8358960303638
504,0.6556291390728477,172620339.6472923,1077.9747347899468
505,0.6556291390728477,173306266.28470653,1080.113573549434
506,0.6556291390728477,173993553.02613753,1082.2524123089318
507,0.6556291390728477,174682199.87158847,1084.391251068454
508,0.6556291390728477,175372206.82104015,1086.5300898279413
509,0.6556291390728477,176063573.87451228,1088.6689285874504
510,0.6556291390728477,176756301.0319961,1090.8077673469554
511,0.6556291390728477,177450388.2934997,1092.94660610649
512,0.6556291390728477,178145835.6589895,1095.0854448659393
513,0.6556291390728477,178842643.1285045,1097.2242836254306
514,0.6556291390728477,179540810.7020361,1099.3631223849409
515,0.6556291390728477,180240338.37959847,1101.5019611444961
516,0.6556291390728477,180941226.16114905,1103.640799903984
517,0.6556291390728477,181643474.04671228,1105.7796386634654
518,0.6556291390728477,182347082.03629348,1107.918477422975
519,0.6556291390728477,183052050.12987956,1110.0573161824593
520,0.6556291390728477,183758378.3274877,1112.1961549419673
521,0.6556291390728477,184466066.62911737,1114.3349937015037
522,0.6556291390728477,185175115.03473553,1116.4738324609743
523,0.6556291390728477,185885523.54438165,1118.6126712204855
524,0.6556291390728477,186597292.15806141,1120.751509980064
525,0.6556291390728477,187310420.87570864,1122.8903487395016
526,0.6556291390728477,188024909.69738027,1125.0291874989825
527,0.6556291390728477,188740758.62308344,1127.1680262585194
528,0.6556291390728477,189457967.6527814,1129.3068650180028
529,0.6556291390728477,190176536.7865093,1131.4457037775435
530,0.6556291390728477,190896466.02423117,1133.584542537024
531,0.6556291390728477,191617755.3659683,1135.7233812965117
532,0.6556291390728477,192340404.8117253,1137.8622200560258
533,0.6556291390728477,193064414.36148435,1140.001058815508
534,0.6556291390728477,193789784.01526654,1142.1398975750217
535,0.6556291390728477,194516513.77306736,1144.2787363345515
536,0.6556291390728477,195244603.6348569,1146.4175750940178
537,0.6556291390728477,195974053.6006882,1148.5564138535628
538,0.6556291390728477,196704863.6705185,1150.695252613079
539,0.6556291390728477,197437033.84436035,1152.8340913725867
540,0.6556291390728477,198170564.1222023,1154.9729301320508
541,0.6556291390728477,198905454.5040846,1157.111768891609
542,0.6556291390728477,199641704.98994,1159.2506076510454
543,0.6556291390728477,200379315.5798663,1161.3894464106484
544,0.6556291390728477,201118286.27375564,1163.5282851701133
545,0.6556291390728477,201858617.07166445,1165.6671239296086
546,0.6556291390728477,202600307.9735736,1167.8059626890595
547,0.6556291390728477,203343358.97952035,1169.9448014485865
548,0.6556291390728477,204087770.0894609,1172.0836402080586
549,0.6556291390728477,204833541.30344486,1174.2224789676177
550,0.6556291390728477,205580672.62141776,1176.3613177271134
551,0.6556291390728477,206329164.04341078,1178.5001564866222
552,0.6556291390728477,207079015.56941488,1180.6389952461366
553,0.6556291390728477,207830227.19942698,1182.7778340056327
554,0.6556291390728477,208582798.93343058,1184.9166727650804
555,0.6556291390728477,209336730.7714961,1187.0555115246575
556,0.6556291390728477,210092022.71354067,1189.194350284146
557,0.6556291390728477,210848674.7595942,1191.3331890436216
558,0.6556291390728477,211606686.90967128,1193.4720278031286
559,0.6556291390728477,212366059.1637554,1195.6108665626246
560,0.6556291390728477,213126791.52184424,1197.7497053220948
561,0.6556291390728477,213888883.98396334,1199.8885440816166
562,0.6556291390728477,214652336.55009538,1202.0273828411425
563,0.6556291390728477,215417149.22021943,1204.1662216006118
564,0.6556291390728477,216183321.994383,1206.3050603601557
565,0.6556291390728477,216950854.87254772,1208.4438991196646
566,0.6556291390728477,217719747.85470954,1210.5827378791344
567,0.6556291390728477,218490000.94090113,1212.7215766386469
568,0.6556291390728477,219261614.13110417,1214.8604153981644
569,0.6556291390728477,220034587.4253303,1216.9992541577083
570,0.6556291390728477,220808920.82354343,1219.138092917183
571,0.6556291390728477,221584614.32580212,1221.276931676754
572,0.6556291390728477,222361667.93201402,1223.4157704361603
573,0.6556291390728477,223140081.64228603,1225.5546091956883
574,0.6556291390728477,223919855.45654863,1227.693447955167
575,0.6556291390728477,224700989.37484768,1229.8322867147115
576,0.6556291390728477,225483483.3971409,1231.971125474189
577,0.6556291390728477,226267337.52344948,1234.1099642336976
578,0.6556291390728477,227052551.7537774,1236.2488029932151
579,0.6556291390728477,227839126.08809677,1238.387641752682
580,0.6556291390728477,228627060.52644908,1240.526480512191
581,0.6556291390728477,229416355.06880358,1242.6653192716883
582,0.6556291390728477,230207009.7151848,1244.8041580312124
583,0.6556291390728477,230999024.46556312,1246.9429967907013
584,0.6556291390728477,231792399.31997696,1249.0818355502518
585,0.6556291390728477,232587134.27839103,1251.2206743097686
586,0.6556291390728477,233383229.34080714,1253.359513069255
587,0.6556291390728477,234180684.50721687,1255.4983518286926
588,0.6556291390728477,234979499.7777037,1257.6371905883125
589,0.6556291390728477,235779675.15213653,1259.7760293477434
590,0.6556291390728477,236581210.63059714,1261.9148681072259
591,0.6556291390728477,237384106.21309748,1264.053706866775
592,0.6556291390728477,238188361.899584,1266.192545626252
593,0.6556291390728477,238993977.6900906,1268.3313843857502
594,0.6556291390728477,239800953.58462942,1270.4702231453039
595,0.6556291390728477,240609289.5831559,1272.6090619047982
596,0.6556291390728477,241418985.68569404,1274.7479006642757
597,0.6556291390728477,242230041.8922537,1276.88673942379
598,0.6556291390728477,243042458.20283797,1279.0255781833328
599,0.6556291390728477,243856234.6173899,1281.1644169427586
600,0.6556291390728477,244671371.1359966,1283.3032557022914
601,0.6556291390728477,245487867.7585927,1285.4420944617632
602,0.6556291390728477,246305724.48522875,1287.5809332213164
603,0.6556291390728477,247124941.31587243,1289.7197719808494
604,0.6556291390728477,247945518.25050786,1291.8586107403353
605,0.6556291390728477,248767455.28916997,1293.997449499855
606,0.6556291390728477,249590752.43182424,1296.1362882593194
607,0.6556291390728477,250415409.67849422,1298.2751270187914
608,0.6556291390728477,251241427.02920863,1300.413965778357
609,0.6556291390728477,252068804.48389184,1302.552804537798
610,0.6556291390728477,252897542.0426213,1304.6916432973305
611,0.6556291390728477,253727639.70534518,1306.8304820568164
612,0.6556291390728477,254559097.47211123,1308.969320816377
613,0.6556291390728477,255391915.34285888,1311.1081595758656
614,0.6556291390728477,256226093.31761256,1313.2469983353342
615,0.6556291390728477,257061631.396383,1315.385837094817
616,0.6556291390728477,257898529.5791897,1317.5246758543583
617,0.6556291390728477,258736787.86600104,1319.6635146138822
618,0.6556291390728477,259576406.25682452,1321.8023533734024
619,0.6556291390728477,260417384.7516212,1323.9411921328176
620,0.6556291390728477,261259723.35049292,1326.0800308924017
621,0.6556291390728477,262103422.05332536,1328.2188696518472
622,0.6556291390728477,262948480.86020148,1330.357708411377
623,0.6556291390728477,263794899.77109176,1332.4965471709127
624,0.6556291390728477,264642678.78596702,1334.6353859303772
625,0.6556291390728477,265491817.90487197,1336.774224689892
626,0.6556291390728477,266342317.12777942,1338.9130634493706
627,0.6556291390728477,267194176.45470375,1341.0519022088613
628,0.6556291390728477,268047395.8856591,1343.1907409684036
629,0.6556291390728477,268901975.42062294,1345.3295797279293
630,0.6556291390728477,269757915.0595615,1347.4684184873727
631,0.6556291390728477,270615214.8025656,1349.6072572469511
632,0.6556291390728477,271473874.6495328,1351.746096006387
633,0.6556291390728477,272333894.6005281,1353.8849347658745
634,0.6556291390728477,273195274.6555758,1356.0237735254607
635,0.6556291390728477,274058014.8145943,1358.1626122849484
636,0.6556291390728477,274922115.0776312,1360.3014510444414
637,0.6556291390728477,275787575.4446472,1362.440289803854
638,0.6556291390728477,276654395.9157347,1364.5791285634236
639,0.6556291390728477,277522576.49081475,1366.717967322933
640,0.6556291390728477,278392117.1699192,1368.8568060824734
641,0.6556291390728477,279263017.95300555,1370.9956448419503
642,0.6556291390728477,280135278.8401049,1373.1344836014146
643,0.6556291390728477,281008899.83125925,1375.273322360995
644,0.6556291390728477,281883880.926369,1377.4121611204284
645,0.6556291390728477,282760222.12553704,1379.550999879963
646,0.6556291390728477,283637923.42868984,1381.6898386394505
647,0.6556291390728477,284516984.8358628,1383.8286773989428
648,0.6556291390728477,285397406.34704715,1385.9675161584348
649,0.6556291390728477,286279187.962276,1388.1063549180176
650,0.6556291390728477,287162329.6814798,1390.2451936774955
651,0.6556291390728477,288046831.5047179,1392.3840324370424
652,0.6556291390728477,288932693.4319388,1394.5228711965042
653,0.6556291390728477,289819915.46319294,1396.6617099560142
654,0.6556291390728477,290708497.5984595,1398.800548715526
655,0.6556291390728477,291598439.8377292,1400.9393874750253
656,0.6556291390728477,292489742.1810137,1403.0782262345294
657,0.6556291390728477,293382404.62830675,1405.217064994007
658,0.6556291390728477,294276427.1796401,1407.3559037535756
659,0.6556291390728477,295171809.83494616,1409.4947425130356
660,0.6556291390728477,296068552.59426636,1411.633581272503
661,0.6556291390728477,296966655.4576316,1413.772420032047
662,0.6556291390728477,297866118.4249959,1415.9112587915586
663,0.6556291390728477,298766941.4963646,1418.0500975510547
664,0.6556291390728477,299669124.6717462,1420.188936310542
665,0.6556291390728477,300572667.95112926,1422.327775070014
666,0.6556291390728477,301477571.33455443,1424.4666138295524
667,0.6556291390728477,302383834.82195115,1426.6054525890017
668,0.6556291390728477,303291458.41340667,1428.7442913485513
669,0.6556291390728477,304200442.10885555,1430.883130108057
670,0.6556291390728477,305110785.908307,1433.0219688675415
671,0.6556291390728477,306022489.8117888,1435.1608076270666
672,0.6556291390728477,306935553.81929123,1437.2996463866166
673,0.6556291390728477,307849977.9307793,1439.4384851460984
674,0.6556291390728477,308765762.14625883,1441.577323905537
675,0.6556291390728477,309682906.46580756,1443.716162665106
676,0.6556291390728477,310601410.8893422,1445.8550014246096
677,0.6556291390728477,311521275.4168884,1447.9938401841164
678,0.6556291390728477,312442500.04841846,1450.132678943554
679,0.6556291390728477,313365084.7840146,1452.2715177031132
680,0.6556291390728477,314289029.6235687,1454.4103564625493
681,0.6556291390728477,315214334.567184,1456.5491952221093
682,0.6556291390728477,316140999.6147974,1458.6880339816155
683,0.6556291390728477,317069024.7664032,1460.8268727410891
684,0.6556291390728477,317998410.02201825,1462.9657115005512
685,0.6556291390728477,318929155.38169444,1465.1045502601344
686,0.6556291390728477,319861260.8453499,1467.2433890196367
687,0.6556291390728477,320794726.4130249,1469.382227779147
688,0.6556291390728477,321729552.08469385,1471.521066538623
689,0.6556291390728477,322665737.86038595,1473.6599052981119
690,0.6556291390728477,323603283.74009913,1475.7987440576378
691,0.6556291390728477,324542189.72381413,1477.9375828171364
692,0.6556291390728477,325482455.81152046,1480.0764215765778
693,0.6556291390728477,326424082.0032709,1482.215260336103
694,0.6556291390728477,327367068.29900914,1484.3540990955632
695,0.6556291390728477,328311414.6988108,1486.492937855145
696,0.6556291390728477,329257121.2026141,1488.6317766147015
697,0.6556291390728477,330204187.81037205,1490.7706153741283
698,0.6556291390728477,331152614.5221763,1492.9094541336224
699,0.6556291390728477,332102401.3380221,1495.0482928931924
700,0.6556291390728477,333053548.25786185,1497.1871316527147
701,0.6556291390728477,334006055.2816706,1499.325970412148
702,0.6556291390728477,334959922.40953934,1501.4648091716845
703,0.6556291390728477,335915149.6413975,1503.6036479311701
704,0.6556291390728477,336871736.9772853,1505.7424866906892
705,0.6556291390728477,337829684.41718775,1507.8813254502095
706,0.6556291390728477,338788991.9611136,1510.0201642097652
707,0.6556291390728477,339749659.6090187,1512.159002969243
708,0.6556291390728477,340711687.3609555,1514.2978417287604
709,0.6556291390728477,341675075.21688807,1516.4366804882475
710,0.6556291390728477,342639823.17683464,1518.5755192477366
711,0.6556291390728477,343605931.2407794,1520.7143580071909
712,0.6556291390728477,344573399.40875983,1522.8531967667086
713,0.6556291390728477,345542227.6807665,1524.9920355262393
714,0.6556291390728477,346512416.0567782,1527.1308742857632
715,0.6556291390728477,347483964.53678405,1529.2697130452468
716,0.6556291390728477,348456873.1208124,1531.408551804744
717,0.6556291390728477,349431141.8088483,1533.547390564243
718,0.6556291390728477,350406770.6009104,1535.6862293237689
719,0.6556291390728477,351383759.4969612,1537.825068083248
720,0.6556291390728477,352362108.4970535,1539.9639068427712
721,0.6556291390728477,353341817.6011202,1542.1027456022337
722,0.6556291390728477,354322886.8092258,1544.2415843617418
723,0.6556291390728477,355305316.12132555,1546.3804231212118
724,0.6556291390728477,356289105.5374741,1548.519261880761
725,0.6556291390728477,357274255.0576028,1550.6581006402475
726,0.6556291390728477,358260764.6817581,1552.7969393997678
727,0.6556291390728477,359248634.4099428,1554.9357781593117
728,0.6556291390728477,360237864.24211097,1557.0746169187998
729,0.6556291390728477,361228454.1782905,1559.2134556782803
730,0.6556291390728477,362220404.2185081,1561.3522944378283
731,0.6556291390728477,363213714.3627248,1563.4911331973296
732,0.6556291390728477,364208384.61095005,1565.6299719568394
733,0.6556291390728477,365204414.963184,1567.7688107163294
734,0.6556291390728477,366201805.4194207,1569.907649475798
735,0.6556291390728477,367200555.97965777,1572.0464882352528
736,0.6556291390728477,368200666.64396006,1574.1853269948128
737,0.6556291390728477,369202137.4122386,1576.3241657543017
738,0.6556291390728477,370204968.2845671,1578.463004513861
739,0.6556291390728477,371209159.26083964,1580.6018432732783
740,0.6556291390728477,372214710.34120965,1582.740682032889
741,0.6556291390728477,373221621.5255436,1584.8795207923886
742,0.6556291390728477,374229892.8138765,1587.0183595518495
743,0.6556291390728477,375239524.2062226,1589.1571983113172
744,0.6556291390728477,376250515.702597,1591.2960370708267
745,0.6556291390728477,377262867.3029764,1593.434875830316
746,0.6556291390728477,378276579.0073775,1595.573714589829
747,0.6556291390728477,379291650.815794,1597.7125533493431
748,0.6556291390728477,380308082.7282372,1599.8513921088872
749,0.6556291390728477,381325874.7446268,1601.9902308682965
750,0.6556291390728477,382345026.8650949,1604.1290696278397
751,0.6556291390728477,383365539.0895462,1606.2679083873272
752,0.6556291390728477,384387411.41804665,1608.4067471468877
753,0.6556291390728477,385410643.85051405,1610.545585906357
754,0.6556291390728477,386435236.3870369,1612.6844246659055
755,0.6556291390728477,387461189.0275543,1614.8232634254366
756,0.6556291390728477,388488501.772052,1616.9621021848818
757,0.6556291390728477,389517174.62055147,1619.1009409443143
758,0.6556291390728477,390547207.5731307,1621.2397797038893
759,0.6556291390728477,391578600.62967044,1623.378618463352
760,0.6556291390728477,392611353.79026383,1625.5174572228982
761,0.6556291390728477,393645467.0548759,1627.65629598246
762,0.6556291390728477,394680940.4234345,1629.7951347418868
763,0.6556291390728477,395717773.8960588,1631.9339735014248
764,0.6556291390728477,396755967.4727204,1634.0728122610067
765,0.6556291390728477,397795521.15331143,1636.2116510204191
766,0.6556291390728477,398836434.9379737,1638.3504897799673
767,0.6556291390728477,399878708.82663584,1640.4893285394737
768,0.6556291390728477,400922342.8192801,1642.628167298924
769,0.6556291390728477,401967336.91597617,1644.7670060584603
770,0.6556291390728477,403013691.1166792,1646.905844817974
771,0.6556291390728477,404061405.42137516,1649.0446835774585
772,0.6556291390728477,405110479.83007145,1651.183522336913
773,0.6556291390728477,406160914.34280944,1653.322361096428
774,0.6556291390728477,407212708.9595915,1655.4611998560047
775,0.6556291390728477,408265863.6803234,1657.600038615462
776,0.6556291390728477,409320378.5050856,1659.7388773749447
777,0.6556291390728477,410376253.4338763,1661.8777161344735
778,0.6556291390728477,411433488.46666414,1664.0165548939583
779,0.6556291390728477,412492083.6035284,1666.1553936535856
780,0.6556291390728477,413552038.84425205,1668.2942324129071
781,0.6556291390728477,414613354.1891634,1670.4330711725577
782,0.6556291390728477,415676029.6379807,1672.571909932016
783,0.6556291390728477,416740065.1908188,1674.7107486914808
784,0.6556291390728477,417805460.8476415,1676.849587450901
785,0.6556291390728477,418872216.6085687,1678.9884262104888
786,0.6556291390728477,419940332.47347206,1681.1272649700086
787,0.6556291390728477,421009808.4423731,1683.2661037295145
788,0.6556291390728477,422080644.515301,1685.404942489039
789,0.6556291390728477,423152840.69223243,1687.5437812485436
790,0.6556291390728477,424226396.97314596,1689.6826200079818
791,0.6556291390728477,425301313.35816157,1691.821458767612
792,0.6556291390728477,426377589.8471041,1693.9602975270664
793,0.6556291390728477,427455226.44007117,1696.0991362865445
794,0.6556291390728477,428534223.1370554,1698.2379750460332
795,0.6556291390728477,429614579.93805486,1700.3768138055284
796,0.6556291390728477,430696296.84309155,1702.5156525650743
797,0.6556291390728477,431779373.8520835,1704.6544913245075
798,0.6556291390728477,432863810.96512437,1706.793330084015
799,0.6556291390728477,433949608.1821983,1708.9321688435434
800,0.6556291390728477,435036765.50325716,1711.0710076030384
801,0.6556291390728477,436125282.9283467,1713.2098463625773
802,0.6556291390728477,437215160.4574237,1715.3486851220537
803,0.6556291390728477,438306398.0905132,1717.4875238815296
804,0.6556291390728477,439398995.82760465,1719.626362640976
805,0.6556291390728477,440492953.6687457,1721.7652014005062
806,0.6556291390728477,441588271.6139253,1723.9040401600842
807,0.6556291390728477,442684949.6630614,1726.0428789195648
808,0.6556291390728477,443782987.8162497,1728.1817176791144
809,0.6556291390728477,444882386.0734193,1730.3205564386005
810,0.6556291390728477,445983144.43461126,1732.4593951981085
811,0.6556291390728477,447085262.8998109,1734.598233957613
812,0.6556291390728477,448188741.4690104,1736.7370727170858
813,0.6556291390728477,449293580.1422784,1738.8759114766679
814,0.6556291390728477,450399778.9194683,1741.0147502360824
815,0.6556291390728477,451507337.80073744,1743.1535889956147
816,0.6556291390728477,452616256.78599507,1745.2924277551106
817,0.6556291390728477,453726535.875259,1747.4312665145878
818,0.6556291390728477,454838175.0685069,1749.5701052740183
819,0.6556291390728477,455951174.3659007,1751.708944033702
820,0.6556291390728477,457065533.7671724,1753.8477827931233
821,0.6556291390728477,458181253.27247846,1755.9866215525892
822,0.6556291390728477,459298332.88181186,1758.1254603120876
823,0.6556291390728477,460416772.59516686,1760.2642990716033
824,0.6556291390728477,461536572.41256475,1762.4031378311706
825,0.6556291390728477,462657732.33394474,1764.5419765906786
826,0.6556291390728477,463780252.3593102,1766.6808153501472
827,0.6556291390728477,464904132.48872346,1768.8196541096738
828,0.6556291390728477,466029372.7221134,1770.9584928691386
829,0.6556291390728477,467155973.05954826,1773.097331628663
830,0.6556291390728477,468283933.50099677,1775.2361703881795
831,0.6556291390728477,469413254.04644424,1777.3750091476943
832,0.6556291390728477,470543934.6958884,1779.5138479071595
833,0.6556291390728477,471675975.44941497,1781.6526866667612
834,0.6556291390728477,472809376.30687386,1783.79152542622
835,0.6556291390728477,473944137.2683582,1785.9303641856975
836,0.6556291390728477,475080258.3338765,1788.0692029452102
837,0.6556291390728477,476217739.50340724,1790.208041704721
838,0.6556291390728477,477356580.77693534,1792.3468804642257
839,0.6556291390728477,478496782.1544789,1794.4857192237214
840,0.6556291390728477,479638343.63602,1796.6245579831834
841,0.6556291390728477,480781265.22159296,1798.7633967426902
842,0.6556291390728477,481925546.9111667,1800.9022355021705
843,0.6556291390728477,483071188.7047648,1803.0410742616787
844,0.6556291390728477,484218190.6024247,1805.1799130212771
845,0.6556291390728477,485366552.6040041,1807.3187517807044
846,0.6556291390728477,486516274.70965356,1809.457590540229
847,0.6556291390728477,487667356.91931915,1811.596429299773
848,0.6556291390728477,488819799.2329303,1813.7352680591857
849,0.6556291390728477,489973601.65066504,1815.874106818806
850,0.6556291390728477,491128764.1722886,1818.0129455781996
851,0.6556291390728477,492285286.79802185,1820.151784337766
852,0.6556291390728477,493443169.52771616,1822.290623097252
853,0.6556291390728477,494602412.3614597,1824.429461856785
854,0.6556291390728477,495763015.29918665,1826.568300616295
855,0.6556291390728477,496924978.3409047,1828.7071393757394
856,0.6556291390728477,498088301.48667866,1830.8459781352803
857,0.6556291390728477,499252984.73644215,1832.9848168947676
858,0.6556291390728477,500419028.0902185,1835.1236556542601
859,0.6556291390728477,501586431.54802155,1837.2624944137744
860,0.6556291390728477,502755195.1098793,1839.401333173365
861,0.6556291390728477,503925318.77567005,1841.5401719328188
862,0.6556291390728477,505096802.54550266,1843.6790106923324
863,0.6556291390728477,506269646.41930187,1845.8178494517497
864,0.6556291390728477,507443850.3971662,1847.9566882112777
865,0.6556291390728477,508619414.4790616,1850.095526970816
866,0.6556291390728477,509796338.6649232,1852.2343657302831
867,0.6556291390728477,510974622.9548705,1854.3732044898768
868,0.6556291390728477,512154267.34873533,1856.5120432493138
869,0.6556291390728477,513335271.8466271,1858.650882008774
870,0.6556291390728477,514517636.44855505,1860.789720768269
871,0.6556291390728477,515701361.15451914,1862.9285595278104
872,0.6556291390728477,516886445.9644778,1865.0673982873166
873,0.6556291390728477,518072890.8784148,1867.2062370467668
874,0.6556291390728477,519260695.8964674,1869.345075806396
875,0.6556291390728477,520449861.0184622,1871.4839145659062
876,0.6556291390728477,521640386.244445,1873.6227533253627
877,0.6556291390728477,522832271.574441,1875.761592084838
878,0.6556291390728477,524025517.00847155,1877.9004308443343
879,0.6556291390728477,525220122.54654855,1880.0392696039096
880,0.6556291390728477,526416088.18862104,1882.178108363444
881,0.6556291390728477,527613413.9346194,1884.3169471228346
882,0.6556291390728477,528812099.7847199,1886.4557858823696
883,0.6556291390728477,530012145.7387962,1888.5946246418428
884,0.6556291390728477,531213551.7969162,1890.7334634013748
885,0.6556291390728477,532416317.9590344,1892.8723021608894
886,0.6556291390728477,533620444.22516614,1895.0111409203867
887,0.6556291390728477,534825930.59529966,1897.1499796798853
888,0.6556291390728477,536032777.06947476,1899.2888184394264
889,0.6556291390728477,537240983.6476185,1901.4276571988908
890,0.6556291390728477,538450550.3298125,1903.5664959584178
891,0.6556291390728477,539661477.1159818,1905.7053347178921
892,0.6556291390728477,540873764.0061706,1907.8441734773685
893,0.6556291390728477,542087411.000417,1909.9830122369192
894,0.6556291390728477,543302418.0986699,1912.1218509964774
895,0.6556291390728477,544518785.3008639,1914.2606897559026
896,0.6556291390728477,545736512.6070846,1916.3995285153487
897,0.6556291390728477,546955600.0173663,1918.538367274884
898,0.6556291390728477,548176047.5316854,1920.6772060344563
899,0.6556291390728477,549397855.1499889,1922.8160447939815
900,0.6556291390728477,550621022.872251,1924.9548835534217
901,0.6556291390728477,551845550.6986022,1927.0937223129915
902,0.6556291390728477,553071438.628924,1929.2325610724815
903,0.6556291390728477,554298686.6632415,1931.3713998319513
904,0.6556291390728477,555527294.8015761,1933.5102385914242
905,0.6556291390728477,556757263.0439525,1935.6490773509531
906,0.6556291390728477,557988591.390282,1937.7879161103817
907,0.6556291390728477,559221279.8407276,1939.9267548699968
908,0.6556291390728477,560455328.3950866,1942.0655936294188
909,0.6556291390728477,561690737.0535365,1944.2044323889809
910,0.6556291390728477,562927505.8159206,1946.3432711484056
911,0.6556291390728477,564165634.6823676,1948.4821099079406
912,0.6556291390728477,565405123.6528373,1950.6209486674747
913,0.6556291390728477,566645972.7272989,1952.759787426971
914,0.6556291390728477,567888181.9057469,1954.8986261864404
915,0.6556291390728477,569131751.1882471,1957.037464945964
916,0.6556291390728477,570376680.5747795,1959.1763037055225
917,0.6556291390728477,571622970.0652778,1961.3151424650114
918,0.6556291390728477,572870619.6598012,1963.453981224504
919,0.6556291390728477,574119629.3583634,1965.5928199840434
920,0.6556291390728477,575369999.1609046,1967.7316587435387
921,0.6556291390728477,576621729.0674629,1969.8704975030366
922,0.6556291390728477,577874819.0780395,1972.0093362625532
923,0.6556291390728477,579129269.192588,1974.1481750220019
924,0.6556291390728477,580385079.4112089,1976.2870137815364
925,0.6556291390728477,581642249.733834,1978.425852541061
926,0.6556291390728477,582900780.1604518,1980.564691300557
927,0.6556291390728477,584160670.6910818,1982.7035300600512
928,0.6556291390728477,585421921.3257396,1984.842368819571
929,0.6556291390728477,586684532.0644251,1986.9812075791208
930,0.6556291390728477,587948502.9070289,1989.1200463385062
931,0.6556291390728477,589213833.8537738,1991.2588850981033
932,0.6556291390728477,590480524.9044553,1993.3977238575887
933,0.6556291390728477,591748576.0591549,1995.5365626170808
934,0.6556291390728477,593017987.3178563,1997.6754013765549
935,0.6556291390728477,594288758.68061,1999.8142401360901
936,0.6556291390728477,595560890.1473564,2001.953078895587
937,0.6556291390728477,596834381.7180688,2004.0919176550199
938,0.6556291390728477,598109233.3928807,2006.2307564145804
939,0.6556291390728477,599385445.1716657,2008.3695951740901
940,0.6556291390728477,600663017.0544145,2010.5084339335183
941,0.6556291390728477,601941949.0412588,2012.6472726930838
942,0.6556291390728477,603222241.1320786,2014.7861114525836
943,0.6556291390728477,604503893.326939,2016.9249502121238
944,0.6556291390728477,605786905.6257169,2019.0637889715272
945,0.6556291390728477,607071278.0286132,2021.2026277310842
946,0.6556291390728477,608357010.5354753,2023.3414664905756
947,0.6556291390728477,609644103.1463991,2025.4803052501636
948,0.6556291390728477,610932555.8612455,2027.6191440095852
949,0.6556291390728477,612222368.6802069,2029.7579827691786
950,0.6556291390728477,613513541.6031307,2031.8968215286845
951,0.6556291390728477,614806074.6300504,2034.0356602881623
952,0.6556291390728477,616099967.7609407,2036.1744990475795
953,0.6556291390728477,617395220.9959898,2038.3133378072414
954,0.6556291390728477,618691834.3349437,2040.4521765667175
955,0.6556291390728477,619989807.7779045,2042.5910153261834
956,0.6556291390728477,621289141.3248909,2044.7298540856802
957,0.6556291390728477,622589834.9758679,2046.8686928451298
958,0.6556291390728477,623891888.7309346,2049.0075316047178
959,0.6556291390728477,625195302.5899334,2051.1463703641666
960,0.6556291390728477,626500076.5529445,2053.285209123621
961,0.6556291390728477,627806210.6200204,2055.424047883153
962,0.6556291390728477,629113704.791064,2057.5628866426264
963,0.6556291390728477,630422559.0662094,2059.701725402235
964,0.6556291390728477,631732773.4453171,2061.8405641617587
965,0.6556291390728477,633044347.9283445,2063.979402921139
966,0.6556291390728477,634357282.5155102,2066.118241680725
967,0.6556291390728477,635671577.2066159,2068.2570804401817
968,0.6556291390728477,636987232.0017438,2070.395919199668
969,0.6556291390728477,638304246.9009069,2072.5347579591976
970,0.6556291390728477,639622621.9041135,2074.6735967187556
971,0.6556291390728477,640942357.0112369,2076.8124354781617
972,0.6556291390728477,642263452.2224557,2078.9512742377115
973,0.6556291390728477,643585907.5376405,2081.090112997191
974,0.6556291390728477,644909722.956826,2083.2289517566496
975,0.6556291390728477,646234898.4801115,2085.3677905162467
976,0.6556291390728477,647561434.1073537,2087.506629275744
977,0.6556291390728477,648889329.8385931,2089.6454680352263
978,0.6556291390728477,650218585.673865,2091.784306794734
979,0.6556291390728477,651549201.6130974,2093.9231455541685
980,0.6556291390728477,652881177.6564627,2096.061984313798
981,0.6556291390728477,654214513.8037968,2098.2008230733472
982,0.6556291390728477,655549210.0550964,2100.339661832829
983,0.6556291390728477,656885266.4103857,2102.4785005922668
984,0.6556291390728477,658222682.8697408,2104.6173393517906
985,0.6556291390728477,659561459.4330603,2106.7561781112563
986,0.6556291390728477,660901596.1003846,2108.89501687069
987,0.6556291390728477,662243092.8718206,2111.0338556302877
988,0.6556291390728477,663585949.7472343,2113.172694389826
989,0.6556291390728477,664930166.7265705,2115.3115331492395
990,0.6556291390728477,666275743.810024,2117.450371908805
991,0.6556291390728477,667622680.997421,2119.5892106682536
992,0.6556291390728477,668970978.2889094,2121.7280494278393
993,0.6556291390728477,670320635.6843507,2123.866888187322
994,0.6556291390728477,671671653.1838472,2126.005726946888
995,0.6556291390728477,673024030.7872478,2128.144565706273
996,0.6556291390728477,674377768.4947771,2130.2834044658407
997,0.6556291390728477,675732866.3062185,2132.422243225239
998,0.6556291390728477,677089324.221732,2134.5610819847625
999,0.6556291390728477,678447142.2412875,2136.699920744312
1000,0.6556291390728477,679806320.3648391,2138.838759503833
1001,0.6556291390728477,681166858.5923423,2140.977598263264
1002,0.6556291390728477,682528756.9239296,2143.1164370228
1003,0.6556291390728477,683892015.3595334,2145.2552757823537
1004,0.6556291390728477,685256633.8991075,2147.394114541834
1005,0.6556291390728477,686622612.5426984,2149.5329533013314
1006,0.6556291390728477,687989951.2902387,2151.6717920607275
1007,0.6556291390728477,689358650.141941,2153.8106308203423
1008,0.6556291390728477,690728709.0976057,2155.9494695798935
1009,0.6556291390728477,692100128.1572074,2158.088308339332
1010,0.6556291390728477,693472907.3208902,2160.227147098868
1011,0.6556291390728477,694847046.588576,2162.3659858583937
1012,0.6556291390728477,696222545.9602425,2164.5048246178635
1013,0.6556291390728477,697599405.4359399,2166.6436633773574
1014,0.6556291390728477,698977625.0156747,2168.782502136908
1015,0.6556291390728477,700357204.6994442,2170.9213408964924
1016,0.6556291390728477,701738144.487109,2173.0601796558826
1017,0.6556291390728477,703120444.3788873,2175.1990184154224
1018,0.6556291390728477,704504104.3746258,2177.337857174901
1019,0.6556291390728477,705889124.4744254,2179.4766959344497
1020,0.6556291390728477,707275504.6781888,2181.615534693911
1021,0.6556291390728477,708663244.9859853,2183.754373453425
1022,0.6556291390728477,710052345.3978297,2185.89321221298
1023,0.6556291390728477,711442805.9135491,2188.0320509723188
1024,0.6556291390728477,712834626.5334165,2190.1708897318786
1025,0.6556291390728477,714227807.2573051,2192.3097284914516
1026,0.6556291390728477,715622348.0851057,2194.4485672508613
1027,0.6556291390728477,717018249.0170203,2196.587406010438
1028,0.6556291390728477,718415510.0528603,2198.7262447698818
1029,0.6556291390728477,719814131.1928165,2200.865083529473
1030,0.6556291390728477,721214112.4367374,2203.0039222889923
1031,0.6556291390728477,722615453.7845665,2205.142761048359
1032,0.6556291390728477,724018155.236567,2207.281599807968
1033,0.6556291390728477,725422216.7924517,2209.420438567369
1034,0.6556291390728477,726827638.452447,2211.559277326931
1035,0.6556291390728477,728234420.2164403,2213.698116086477
1036,0.6556291390728477,729642562.0844007,2215.83695484595
1037,0.6556291390728477,731052064.0564331,2217.9757936055107
1038,0.6556291390728477,732462926.1323731,2220.1146323649186
1039,0.6556291390728477,733875148.3124298,2222.2534711244703
1040,0.6556291390728477,735288730.5964336,2224.3923098839346
1041,0.6556291390728477,736703672.9845625,2226.5311486435708
1042,0.6556291390728477,738119975.47658,2228.6699874030073
1043,0.6556291390728477,739537638.0726271,2230.8088261624816
1044,0.6556291390728477,740956660.7726798,2232.9476649219487
1045,0.6556291390728477,742377043.5768168,2235.086503681512
1046,0.6556291390728477,743798786.4848928,2237.225342440971
1047,0.6556291390728477,745221889.4970562,2239.364181200537
1048,0.6556291390728477,746646352.6132405,2241.503019960128
1049,0.6556291390728477,748072175.8333467,2243.641858719581
1050,0.6556291390728477,749499359.1574552,2245.7806974790033
1051,0.6556291390728477,750927902.5855994,2247.9195362384753
1052,0.6556291390728477,752357806.1177711,2250.058374997965
1053,0.6556291390728477,753789069.754006,2252.197213757535
1054,0.6556291390728477,755221693.4942116,2254.3360525170388
1055,0.6556291390728477,756655677.3384033,2256.474891276512
1056,0.6556291390728477,758091021.2866315,2258.6137300360056
1057,0.6556291390728477,759527725.338865,2260.7525687955053
1058,0.6556291390728477,760965789.4951702,2262.891407555087
1059,0.6556291390728477,762405213.7554449,2265.030246314596
1060,0.6556291390728477,763845998.1196862,2267.169085074048
1061,0.6556291390728477,765288142.5879672,2269.307923833536
1062,0.6556291390728477,766731647.1602619,2271.4467625930233
1063,0.6556291390728477,768176511.8366176,2273.5856013525795
1064,0.6556291390728477,769622736.6169174,2275.7244401120515
1065,0.6556291390728477,771070321.5012591,2277.8632788715554
1066,0.6556291390728477,772519266.4895816,2280.002117631016
1067,0.6556291390728477,773969571.5819585,2282.140956390536
1068,0.6556291390728477,775421236.7783377,2284.2797951500434
1069,0.6556291390728477,776874262.0787507,2286.4186339095886
1070,0.6556291390728477,778328647.4831697,2288.557472669103
1071,0.6556291390728477,779784392.9915862,2290.6963114286064
1072,0.6556291390728477,781241498.6039565,2292.8351501880356
1073,0.6556291390728477,782699964.3204116,2294.9739889475504
1074,0.6556291390728477,784159790.1409084,2297.1128277071257
1075,0.6556291390728477,785620976.0654185,2299.2516664666946
1076,0.6556291390728477,787083522.0938586,2301.390505226158
1077,0.6556291390728477,788547428.2263633,2303.5293439856728
1078,0.6556291390728477,790012694.4628532,2305.6681827451735
1079,0.6556291390728477,791479320.8033477,2307.8070215046373
1080,0.6556291390728477,792947307.2478493,2309.9458602641016
1081,0.6556291390728477,794416653.796412,2312.084699023644
1082,0.6556291390728477,795887360.4490052,2314.223537783218
1083,0.6556291390728477,797359427.2055289,2316.362376542664
1084,0.6556291390728477,798832854.0660545,2318.5012153020907
1085,0.6556291390728477,800307641.0306256,2320.6400540615714
1086,0.6556291390728477,801783788.0993878,2322.7788928212967
1087,0.6556291390728477,803261295.2718787,2324.917731580634
1088,0.6556291390728477,804740162.5485736,2327.0565703402267
1089,0.6556291390728477,806220389.9291252,2329.1954090996255
1090,0.6556291390728477,807701977.4138366,2331.334247859217
1091,0.6556291390728477,809184925.002443,2333.473086618641
1092,0.6556291390728477,810669232.6950998,2335.611925378119
1093,0.6556291390728477,812154900.4918387,2337.7507641376974
1094,0.6556291390728477,813641928.3925153,2339.889602897173
1095,0.6556291390728477,815130316.3971891,2342.0284416566146
1096,0.6556291390728477,816620064.5059062,2344.167280416117
1097,0.6556291390728477,818111172.7186937,2346.3061191756974
1098,0.6556291390728477,819603641.0354697,2348.4449579352354
1099,0.6556291390728477,821097469.4561028,2350.5837966945583
1100,0.6556291390728477,822592657.9809891,2352.7226354542267
1101,0.6556291390728477,824089206.609737,2354.8614742136624
1102,0.6556291390728477,825587115.3425893,2357.0003129732445
1103,0.6556291390728477,827086384.1793413,2359.139151732681
1104,0.6556291390728477,828587013.1202329,2361.277990492273
1105,0.6556291390728477,830089002.1650932,2363.4168292518143
1106,0.6556291390728477,831592351.3139095,2365.5556680112654
1107,0.6556291390728477,833097060.5667287,2367.6945067707175
1108,0.6556291390728477,834603129.9235511,2369.833345530161
1109,0.6556291390728477,836110559.3844707,2371.9721842897125
1110,0.6556291390728477,837619348.9494411,2374.111023049315
1111,0.6556291390728477,839129498.6183422,2376.2498618087952
1112,0.6556291390728477,840641008.3912469,2378.388700568292
1113,0.6556291390728477,842153878.2682004,2380.527539327813
1114,0.6556291390728477,843668108.2490904,2382.666378087243
1115,0.6556291390728477,845183698.3339942,2384.805216846677
1116,0.6556291390728477,846700648.5230256,2386.9440556062573
1117,0.6556291390728477,848218958.8160136,2389.0828943657734
1118,0.6556291390728477,849738629.2129903,2391.221733125249
1119,0.6556291390728477,851259659.7138907,2393.3605718846093
1120,0.6556291390728477,852782050.3189731,2395.4994106441895
1121,0.6556291390728477,854305801.0279683,2397.638249403645
1122,0.6556291390728477,855830911.841077,2399.777088163233
1123,0.6556291390728477,857357382.7582073,2401.9159269228307
1124,0.6556291390728477,858885213.7792337,2404.054765682285
1125,0.6556291390728477,860414404.9042968,2406.19360444176
1126,0.6556291390728477,861944956.1333582,2408.3324432012237
1127,0.6556291390728477,863476867.4665343,2410.4712819608158
1128,0.6556291390728477,865010138.9036404,2412.6101207203114
1129,0.6556291390728477,866544770.4448261,2414.7489594798803
1130,0.6556291390728477,868080762.0899267,2416.887798239329
1131,0.6556291390728477,869618113.8391318,2419.0266369988913
1132,0.6556291390728477,871156825.6922022,2421.1654757582687
1133,0.6556291390728477,872696897.649463,2423.30431451788
1134,0.6556291390728477,874238329.7105961,2425.4431532772937
1135,0.6556291390728477,875781121.8759524,2427.5819920370063
1136,0.6556291390728477,877325274.1450355,2429.7208307963288
1137,0.6556291390728477,878870786.5182676,2431.8596695558426
1138,0.6556291390728477,880417658.9955692,2433.9985083154165
1139,0.6556291390728477,881965891.5767903,2436.1373470748786
1140,0.6556291390728477,883515484.2620493,2438.276185834366
1141,0.6556291390728477,885066437.0513574,2440.4150245939018
1142,0.6556291390728477,886618749.9447113,2442.553863353508
1143,0.6556291390728477,888172422.9419335,2444.6927021129
1144,0.6556291390728477,889727456.0431868,2446.8315408723206
1145,0.6556291390728477,891283849.2485532,2448.970379631867
1146,0.6556291390728477,892841602.5579034,2451.1092183913765
1147,0.6556291390728477,894400715.9712539,2453.248057150876
1148,0.6556291390728477,895961189.4885803,2455.386895910334
1149,0.6556291390728477,897523023.1100398,2457.52573466995
1150,0.6556291390728477,899086216.8354048,2459.664573429423
1151,0.6556291390728477,900650770.6648016,2461.803412188905
1152,0.6556291390728477,902216684.5982056,2463.942250948378
1153,0.6556291390728477,903783958.6356021,2466.0810897078545
1154,0.6556291390728477,905352592.7770678,2468.219928467395
1155,0.6556291390728477,906922587.0224924,2470.3587672268563
1156,0.6556291390728477,908493941.372008,2472.4976059864302
1157,0.6556291390728477,910066655.8254606,2474.6364447458996
1158,0.6556291390728477,911640730.3829131,2476.775283505364
1159,0.6556291390728477,913216165.044505,2478.9141222649764
1160,0.6556291390728477,914792959.8099499,2481.052961024382
1161,0.6556291390728477,916371114.6795187,2483.191799783942
1162,0.6556291390728477,917950629.6529956,2485.3306385433766
1163,0.6556291390728477,919531504.7305484,2487.4694773028664
1164,0.6556291390728477,921113739.9121487,2489.608316062425
1165,0.6556291390728477,922697335.1977803,2491.747154822004
1166,0.6556291390728477,924282290.58729,2493.8859935814025
1167,0.6556291390728477,925868606.0808827,2496.024832340898
1168,0.6556291390728477,927456281.6785715,2498.1636711005035
1169,0.6556291390728477,929045317.3802024,2500.302509860026
1170,0.6556291390728477,930635713.1858569,2502.441348619537
1171,0.6556291390728477,932227469.0954615,2504.580187378977
1172,0.6556291390728477,933820585.1091496,2506.71902613851
1173,0.6556291390728477,935415061.2267584,2508.8578648979365
1174,0.6556291390728477,937010897.448415,2510.9967036573853
1175,0.6556291390728477,938608093.7742223,2513.1355424170433
1176,0.6556291390728477,940206650.2039902,2515.274381176625
1177,0.6556291390728477,941806566.7376407,2517.413219936022
1178,0.6556291390728477,943407843.3753502,2519.5520586954867
1179,0.6556291390728477,945010480.117107,2521.6908974549983
1180,0.6556291390728477,946614476.9628214,2523.8297362144517
1181,0.6556291390728477,948219833.912615,2525.96857497397
1182,0.6556291390728477,949826550.96645,2528.10741373355
1183,0.6556291390728477,951434628.1242284,2530.246252493022
1184,0.6556291390728477,953044065.3860236,2532.385091252504
1185,0.6556291390728477,954654862.7518069,2534.5239300119392
1186,0.6556291390728477,956267020.2216779,2536.6627687715004
1187,0.6556291390728477,957880537.7955056,2538.801607530985
1188,0.6556291390728477,959495415.473461,2540.9404462906077
1189,0.6556291390728477,961111653.2553229,2543.0792850501007
1190,0.6556291390728477,962729251.1411952,2545.2181238095964
1191,0.6556291390728477,964348209.1310304,2547.356962569008
1192,0.6556291390728477,965968527.2249746,2549.4958013285514
1193,0.6556291390728477,967590205.4228984,2551.634640088061
1194,0.6556291390728477,969213243.7248422,2553.77347884758
1195,0.6556291390728477,970837642.130747,2555.912317607022
1196,0.6556291390728477,972463400.6408075,2558.0511563666655
1197,0.6556291390728477,974090519.2546839,2560.1899951260434
1198,0.6556291390728477,975718997.9726429,2562.3288338855173
1199,0.6556291390728477,977348836.7946951,2564.467672645097
1200,0.6556291390728477,978980035.720696,2566.6065114045828
1201,0.6556291390728477,980612594.7506858,2568.745350164043
1202,0.6556291390728477,982246513.8847088,2570.8841889235264
1203,0.6556291390728477,983881793.1228331,2573.0230276831385
1204,0.6556291390728477,985518432.4648818,2575.161866442633
1205,0.6556291390728477,987156431.9109168,2577.300705202085
1206,0.6556291390728477,988795791.4610845,2579.4395439616987
1207,0.6556291390728477,990436511.1150451,2581.5783827210203
1208,0.6556291390728477,992078590.8732537,2583.7172214806706
1209,0.6556291390728477,993722030.7352684,2585.8560602400385
1210,0.6556291390728477,995366830.7015309,2587.99489899971
1211,0.6556291390728477,997012990.7715477,2590.133737759046
1212,0.6556291390728477,998660510.9457747,2592.2725765186387
1213,0.6556291390728477,1000309391.2238531,2594.411415278016
1214,0.6556291390728477,1001959631.606082,2596.550254037583
1215,0.6556291390728477,1003611232.092253,2598.689092797047
1216,0.6556291390728477,1005264192.6825672,2600.827931556714
1217,0.6556291390728477,1006918513.3767452,2602.9667703161476
1218,0.6556291390728477,1008574194.1749283,2605.105609075596
1219,0.6556291390728477,1010231235.0772573,2607.244447835224
1220,0.6556291390728477,1011889636.0834743,2609.383286594661
1221,0.6556291390728477,1013549397.1936876,2611.522125354096
1222,0.6556291390728477,1015210518.4079977,2613.660964113633
1223,0.6556291390728477,1016872999.7263436,2615.7998028732127
1224,0.6556291390728477,1018536841.14869,2617.938641632754
1225,0.6556291390728477,1020202042.6749,2620.077480392127
1226,0.6556291390728477,1021868604.3053087,2622.216319151731
1227,0.6556291390728477,1023536526.0396774,2624.3551579112745
1228,0.6556291390728477,1025205807.8779504,2626.4939966706684
1229,0.6556291390728477,1026876449.8203548,2628.632835430234
1230,0.6556291390728477,1028548451.8666599,2630.771674189634
1231,0.6556291390728477,1030221814.017123,2632.9105129492186
1232,0.6556291390728477,1031896536.2715147,2635.0493517087166
1233,0.6556291390728477,1033572618.6300209,2637.188190468333
1234,0.6556291390728477,1035250061.0923884,2639.3270292277643
1235,0.6556291390728477,1036928863.6587524,2641.465867987161
1236,0.6556291390728477,1038609026.32931,2643.604706746805
1237,0.6556291390728477,1040290549.1036975,2645.7435455062073
1238,0.6556291390728477,1041973431.9821248,2647.882384265635
1239,0.6556291390728477,1043657674.964613,2650.02122302515
1240,0.6556291390728477,1045343278.0512391,2652.1600617848035
1241,0.6556291390728477,1047030241.2416967,2654.2989005442337
1242,0.6556291390728477,1048718564.5361962,2656.4377393036943
1243,0.6556291390728477,1050408247.9348073,2658.5765780632873
1244,0.6556291390728477,1052099291.437329,2660.715416822754
1245,0.6556291390728477,1053791695.0438887,2662.8542555822546
1246,0.6556291390728477,1055485458.7545187,2664.9930943418253
1247,0.6556291390728477,1057180582.5690515,2667.1319331012487
1248,0.6556291390728477,1058877066.4876477,2669.2707718607544
1249,0.6556291390728477,1060574910.5102751,2671.40961062027
1250,0.6556291390728477,1062274114.6368952,2673.548449379784
1251,0.6556291390728477,1063974678.8676395,2675.68728813941
1252,0.6556291390728477,1065676603.2021525,2677.826126898741
1253,0.6556291390728477,1067379887.6409125,2679.96496565836
1254,0.6556291390728477,1069084532.1834775,2682.1038044177226
1255,0.6556291390728477,1070790536.8302115,2684.242643177284
1256,0.6556291390728477,1072497901.5809262,2686.381481936807
1257,0.6556291390728477,1074206626.4356682,2688.520320696349
1258,0.6556291390728477,1075916711.3944106,2690.6591594558586
1259,0.6556291390728477,1077628156.4570358,2692.7979982152406
1260,0.6556291390728477,1079340961.6237905,2694.9368369747453
1261,0.6556291390728477,1081055126.8945632,2697.0756757342742
1262,0.6556291390728477,1082770652.269437,2699.2145144939022
1263,0.6556291390728477,1084487537.7481792,2701.353353253334
1264,0.6556291390728477,1086205783.330933,2703.492192012774
1265,0.6556291390728477,1087925389.01775,2705.6310307722847
1266,0.6556291390728477,1089646354.8085415,2707.769869531749
1267,0.6556291390728477,1091368680.7033107,2709.9087082911583
1268,0.6556291390728477,1093092366.7023616,2712.0475470509214
1269,0.6556291390728477,1094817412.8051565,2714.1863858103507
1270,0.6556291390728477,1096543819.0120628,2716.325224569897
1271,0.6556291390728477,1098271585.3229501,2718.4640633293966
1272,0.6556291390728477,1100000711.7378366,2720.6029020888827
1273,0.6556291390728477,1101731198.2567348,2722.741740848359
1274,0.6556291390728477,1103463044.87953,2724.880579607708
1275,0.6556291390728477,1105196251.6065502,2727.019418367328
1276,0.6556291390728477,1106930818.437508,2729.1582571268473
1277,0.6556291390728477,1108666745.372441,2731.2970958863075
1278,0.6556291390728477,1110404032.4114556,2733.435934645866
1279,0.6556291390728477,1112142679.5544932,2735.574773405453
1280,0.6556291390728477,1113882686.8015015,2737.713612164947
1281,0.6556291390728477,1115624054.1525156,2739.8524509244603
1282,0.6556291390728477,1117366781.607474,2741.9912896839005
1283,0.6556291390728477,1119110869.166503,2744.130128443389
1284,0.6556291390728477,1120856316.829499,2746.268967202829
1285,0.6556291390728477,1122603124.5966442,2748.4078059624267
1286,0.6556291390728477,1124351292.467746,2750.54664472199
1287,0.6556291390728477,1126100820.4428396,2752.6854834814912
1288,0.6556291390728477,1127851708.5218105,2754.824322240857
1289,0.6556291390728477,1129603956.7050378,2756.963161000495
1290,0.6556291390728477,1131357564.9921122,2759.101999759926
1291,0.6556291390728477,1133112533.3832695,2761.2408385194753
1292,0.6556291390728477,1134868861.878351,2763.379677278901
1293,0.6556291390728477,1136626550.4775364,2765.5185160384276
1294,0.6556291390728477,1138385599.180671,2767.6573547978855
1295,0.6556291390728477,1140146007.987866,2769.7961935574117
1296,0.6556291390728477,1141907776.8990357,2771.9350323168696
1297,0.6556291390728477,1143670905.9143248,2774.0738710764904
1298,0.6556291390728477,1145435395.0335782,2776.212709836035
1299,0.6556291390728477,1147201244.256789,2778.351548595508
1300,0.6556291390728477,1148968453.584022,2780.490387354991
1301,0.6556291390728477,1150737023.015179,2782.6292261143776
1302,0.6556291390728477,1152506952.5506024,2784.7680648740848
1303,0.6556291390728477,1154278242.1897273,2786.906903633391
1304,0.6556291390728477,1156050891.9331148,2789.0457423930084
1305,0.6556291390728477,1157824901.780341,2791.1845811524195
1306,0.6556291390728477,1159600271.7317584,2793.3234199120284
1307,0.6556291390728477,1161377001.787014,2795.462258671434
1308,0.6556291390728477,1163155091.9464514,2797.601097431052
1309,0.6556291390728477,1164934542.2098036,2799.7399361905605
1310,0.6556291390728477,1166715352.57716,2801.8787749500507
1311,0.6556291390728477,1168497523.048559,2804.0176137095737
1312,0.6556291390728477,1170281053.6239247,2806.156452469059
1313,0.6556291390728477,1172065944.303308,2808.2952912285223
1314,0.6556291390728477,1173852195.0867264,2810.434129988014
1315,0.6556291390728477,1175639805.974222,2812.572968747613
1316,0.6556291390728477,1177428776.9656868,2814.711807507151
1317,0.6556291390728477,1179219108.0609994,2816.850646266474
1318,0.6556291390728477,1181010799.2605379,2818.989485026071
1319,0.6556291390728477,1182803850.5639892,2821.1283237855428
1320,0.6556291390728477,1184598261.9714468,2823.267162545006
1321,0.6556291390728477,1186394033.4830003,2825.406001304549
1322,0.6556291390728477,1188191165.0985355,2827.544840064094
1323,0.6556291390728477,1189989656.8179862,2829.6836788235046
1324,0.6556291390728477,1191789508.6416228,2831.822517583117
1325,0.6556291390728477,1193590720.5691395,2833.9613563425683
1326,0.6556291390728477,1195393292.600723,2836.1001951021094
1327,0.6556291390728477,1197197224.7362118,2838.239033861494
1328,0.6556291390728477,1199002516.975877,2840.377872621084
1329,0.6556291390728477,1200809169.3194134,2842.5167113805287
1330,0.6556291390728477,1202617181.7670395,2844.655550140028
1331,0.6556291390728477,1204426554.3186936,2846.794388899583
1332,0.6556291390728477,1206237286.9743671,2848.933227659105
1333,0.6556291390728477,1208049379.7340047,2851.0720664185983
1334,0.6556291390728477,1209862832.5975797,2853.2109051780035
1335,0.6556291390728477,1211677645.5653865,2855.3497439376392
1336,0.6556291390728477,1213493818.6370304,2857.4885826971026
1337,0.6556291390728477,1215311351.8127513,2859.6274214566292
1338,0.6556291390728477,1217130245.0924547,2861.766260216114
1339,0.6556291390728477,1218950498.4762561,2863.9050989757116
1340,0.6556291390728477,1220772111.9638867,2866.043937735083
1341,0.6556291390728477,1222595085.5556412,2868.182776494596
1342,0.6556291390728477,1224419419.251442,2870.321615254133
1343,0.6556291390728477,1226245113.0511384,2872.460454013544
1344,0.6556291390728477,1228072166.955082,2874.599292773233
1345,0.6556291390728477,1229900580.9627726,2876.738131532615
1346,0.6556291390728477,1231730355.0746596,2878.876970292197
1347,0.6556291390728477,1233561489.2904348,2881.0158090516443
1348,0.6556291390728477,1235393983.6102061,2883.154647811074
1349,0.6556291390728477,1237227838.0341294,2885.293486570664
1350,0.6556291390728477,1239063052.5620306,2887.432325330212
1351,0.6556291390728477,1240899627.1939692,2889.571164089785
1352,0.6556291390728477,1242737561.9297972,2891.710002849219
1353,0.6556291390728477,1244576856.7696376,2893.8488416086548
1354,0.6556291390728477,1246417511.7136083,2895.9876803682328
1355,0.6556291390728477,1248259526.7614102,2898.1265191275943
1356,0.6556291390728477,1250102901.913355,2900.265357887108
1357,0.6556291390728477,1251947637.1692123,2902.4041966464965
1358,0.6556291390728477,1253793732.5293672,2904.5430354062264
1359,0.6556291390728477,1255641187.9932961,2906.681874165682
1360,0.6556291390728477,1257490003.5612137,2908.8207129250986
1361,0.6556291390728477,1259340179.233364,2910.9595516847917
1362,0.6556291390728477,1261191715.0093026,2913.0983904442187
1363,0.6556291390728477,1263044610.8893363,2915.2372292037235
1364,0.6556291390728477,1264898866.8733857,2917.376067963231
1365,0.6556291390728477,1266754482.961441,2919.5149067227608
1366,0.6556291390728477,1268611459.1534355,2921.6537454821782
1367,0.6556291390728477,1270469795.4494746,2923.792584241649
1368,0.6556291390728477,1272329491.8495226,2925.9314230011023
1369,0.6556291390728477,1274190548.353787,2928.0702617608026
1370,0.6556291390728477,1276052964.9618556,2930.2091005202687
1371,0.6556291390728477,1277916741.67406,2932.347939279848
1372,0.6556291390728477,1279781878.4901047,2934.4867780392733
1373,0.6556291390728477,1281648375.4103103,2936.625616798841
1374,0.6556291390728477,1283516232.4344327,2938.764455558294
1375,0.6556291390728477,1285385449.562606,2940.9032943177963
1376,0.6556291390728477,1287256026.7947376,2943.042133077246
1377,0.6556291390728477,1289127964.130936,2945.180971836757
1378,0.6556291390728477,1291001261.5711331,2947.3198105962238
1379,0.6556291390728477,1292875919.1154563,2949.458649355855
1380,0.6556291390728477,1294751936.7636142,2951.5974881152756
1381,0.6556291390728477,1296629314.5158975,2953.736326874832
1382,0.6556291390728477,1298508052.3721013,2955.875165634273
1383,0.6556291390728477,1300388150.3324692,2958.01400439389
1384,0.6556291390728477,1302269608.396555,2960.1528431531556
1385,0.6556291390728477,1304152426.565025,2962.2916819128545
1386,0.6556291390728477,1306036604.8371842,2964.430520672206
1387,0.6556291390728477,1307922143.213585,2966.5693594317927
1388,0.6556291390728477,1309809041.6937664,2968.7081981911265
1389,0.6556291390728477,1311697300.2782652,2970.8470369508113
1390,0.6556291390728477,1313586918.9666,2972.98587571029
1391,0.6556291390728477,1315477897.7589903,2975.1247144698195
1392,0.6556291390728477,1317370236.6554403,2977.263553229403
1393,0.6556291390728477,1319263935.6558397,2979.4023919889155
1394,0.6556291390728477,1321158994.7601,2981.5412307482566
1395,0.6556291390728477,1323055413.968378,2983.6800695075976
1396,0.6556291390728477,1324953193.280946,2985.8189082672448
1397,0.6556291390728477,1326852332.6974545,2987.9577470268287
1398,0.6556291390728477,1328752832.2179565,2990.096585786385
1399,0.6556291390728477,1330654691.8424,2992.235424545865
1400,0.6556291390728477,1332557911.5709443,2994.3742633054294
1401,0.6556291390728477,1334462491.4033313,2996.5131020648205
1402,0.6556291390728477,1336368431.3398027,2998.651940824296
1403,0.6556291390728477,1338275731.3804095,3000.7907795838987
1404,0.6556291390728477,1340184391.524909,3002.929618343369
1405,0.6556291390728477,1342094411.7735212,3005.068457102941
1406,0.6556291390728477,1344005792.1259706,3007.2072958623403
1407,0.6556291390728477,1345918532.5825934,3009.3461346218896
1408,0.6556291390728477,1347832633.143148,3011.4849733813785
1409,0.6556291390728477,1349748093.8076463,3013.6238121407814
1410,0.6556291390728477,1351664914.576386,3015.762650900419
1411,0.6556291390728477,1353583095.4489014,3017.901489659812
1412,0.6556291390728477,1355502636.4257169,3020.0403284195304
1413,0.6556291390728477,1357423537.5062485,3022.1791671789088
1414,0.6556291390728477,1359345798.6909626,3024.318005938486
1415,0.6556291390728477,1361269419.9795573,3026.4568446978965
1416,0.6556291390728477,1363194401.3723378,3028.595683457521
1417,0.6556291390728477,1365120742.8688867,3030.7345222168756
1418,0.6556291390728477,1367048444.469698,3032.873360976495
1419,0.6556291390728477,1368977506.1743348,3035.0121997359183
1420,0.6556291390728477,1370907927.983112,3037.151038495473
1421,0.6556291390728477,1372839709.8958156,3039.2898772549283
1422,0.6556291390728477,1374772851.912519,3041.4287160143817
1423,0.6556291390728477,1376707354.033251,3043.5675547738592
1424,0.6556291390728477,1378643216.2580695,3045.706393533417
1425,0.6556291390728477,1380580438.5868964,3047.8452322929393
1426,0.6556291390728477,1382519021.0197237,3049.9840710524786
1427,0.6556291390728477,1384458963.5565526,3052.122909811997
1428,0.6556291390728477,1386400266.1973975,3054.2617485715264
1429,0.6556291390728477,1388342928.9421952,3056.400587330978
1430,0.6556291390728477,1390286951.7910492,3058.5394260904936
1431,0.6556291390728477,1392232334.74385,3060.678264849914
1432,0.6556291390728477,1394179077.8007908,3062.817103609488
1433,0.6556291390728477,1396127180.9617136,3064.9559423690444
1434,0.6556291390728477,1398076644.2265627,3067.094781128486
1435,0.6556291390728477,1400027467.595377,3069.233619887882
1436,0.6556291390728477,1401979651.0684392,3071.3724586475378
1437,0.6556291390728477,1403933194.6454034,3073.5112974070676
1438,0.6556291390728477,1405888098.3262708,3075.650136166496
1439,0.6556291390728477,1407844362.1111925,3077.7889749259484
1440,0.6556291390728477,1409801986.000266,3079.9278136855423
1441,0.6556291390728477,1411760969.9932516,3082.0666524450485
1442,0.6556291390728477,1413721314.0901623,3084.2054912044673
1443,0.6556291390728477,1415683018.2911303,3086.3443299639157
1444,0.6556291390728477,1417646082.5962114,3088.4831687234837
1445,0.6556291390728477,1419610507.0052857,3090.6220074830276
1446,0.6556291390728477,1421576291.5182383,3092.7608462424237
1447,0.6556291390728477,1423543436.1353433,3094.899685001981
1448,0.6556291390728477,1425511940.8564615,3097.038523761522
1449,0.6556291390728477,1427481805.6814492,3099.1773625209426
1450,0.6556291390728477,1429453030.610603,3101.316201280495
1451,0.6556291390728477,1431425615.643592,3103.4550400398657
1452,0.6556291390728477,1433399560.7808533,3105.5938787995356
1453,0.6556291390728477,1435374866.021904,3107.7327175589485
1454,0.6556291390728477,1437351531.3672175,3109.8715563186233
1455,0.6556291390728477,1439329556.8162973,3112.0103950780176
1456,0.6556291390728477,1441308942.369519,3114.1492338375997
1457,0.6556291390728477,1443289688.0268044,3116.2880725971954
1458,0.6556291390728477,1445271793.7878659,3118.4269113565606
1459,0.6556291390728477,1447255259.653044,3120.5657501160294
1460,0.6556291390728477,1449240085.6223643,3122.7045888756566
1461,0.6556291390728477,1451226271.6956272,3124.8434276351663
1462,0.6556291390728477,1453213817.8728583,3126.9822663946593
1463,0.6556291390728477,1455202724.1540155,3129.121105154068
1464,0.6556291390728477,1457192990.5393863,3131.259943913679
1465,0.6556291390728477,1459184617.0286734,3133.398782673188
1466,0.6556291390728477,1461177603.621951,3135.537621432659
1467,0.6556291390728477,1463171950.319242,3137.676460192145
1468,0.6556291390728477,1465167657.120525,3139.815298951596
1469,0.6556291390728477,1467164724.025932,3141.954137711191
1470,0.6556291390728477,1469163151.0351017,3144.0929764705056
1471,0.6556291390728477,1471162938.1485035,3146.2318152300604
1472,0.6556291390728477,1473164085.3659377,3148.3706539896257
1473,0.6556291390728477,1475166592.6873667,3150.5094927491855
1474,0.6556291390728477,1477170460.1126802,3152.6483315086034
1475,0.6556291390728477,1479175687.6421719,3154.7871702682096
1476,0.6556291390728477,1481182275.2756226,3156.926009027722
1477,0.6556291390728477,1483190223.0128574,3159.064847787013
1478,0.6556291390728477,1485199530.8543417,3161.2036865465566
1479,0.6556291390728477,1487210198.7998679,3163.342525306142
1480,0.6556291390728477,1489222226.849448,3165.481364065778
1481,0.6556291390728477,1491235615.0027862,3167.62020282512
1482,0.6556291390728477,1493250363.2604113,3169.759041584777
1483,0.6556291390728477,1495266471.621841,3171.8978803442014
1484,0.6556291390728477,1497283940.0873718,3174.036719103699
1485,0.6556291390728477,1499302768.6568336,3176.175557863132
1486,0.6556291390728477,1501322957.3303833,3178.3143966226344
1487,0.6556291390728477,1503344506.1079502,3180.453235382156
1488,0.6556291390728477,1505367414.9895096,3182.5920741416535
1489,0.6556291390728477,1507391683.9750843,3184.7309129011483
1490,0.6556291390728477,1509417313.064654,3186.869751660632
1491,0.6556291390728477,1511444302.2583785,3189.00859042025
1492,0.6556291390728477,1513472651.5558875,3191.147429179658
1493,0.6556291390728477,1515502360.957577,3193.28626793921
1494,0.6556291390728477,1517533430.4631813,3195.4251066986862
1495,0.6556291390728477,1519565860.07298,3197.5639454583575
1496,0.6556291390728477,1521599649.7865818,3199.7027842177745
1497,0.6556291390728477,1523634799.604205,3201.8416229772233
1498,0.6556291390728477,1525671309.5257657,3203.980461736593
1499,0.6556291390728477,1527709179.5517023,3206.1193004963507
1500,0.6556291390728477,1529748409.681266,3208.2581392556795
1501,0.6556291390728477,1531788999.9151304,3210.3969780153293
